category_order,category_chinese,category_slug,item_order,article_title_chinese,title_english,selected_quality,available_qualities,source_size_bytes,source_size_mib,width,height,resolution,duration_seconds,duration_minutes,bit_rate_kbps,codec,article_url,source_mp4_url,recommended_output_path,probe_error
1,大舞,01_dawu,1,大舞整套功法演示,Complete Routine Demonstration,SD,"LD,SD",174469897,166.39,1280,720,1280x720,860.843,14.35,1621.4,h264,https://wtl.sz.gov.cn/ztzl_78228/tszl/wlzgj/dw/content/post_10668604.html,https://gdvideo.southcn.com/bdcddec809f14ac4bf4ab354875c0c2d/e01aa0c573ab4d8cac9fd27ea3815e83-d352d3601bb267b87f0b335a96a49e76-sd.mp4,video/01_dawu/001_complete-routine-demonstration.mp4,
1,大舞,01_dawu,2,1大舞 功法源流,Origin and History,SD,"LD,SD",40821327,38.93,1280,720,1280x720,196.04,3.27,1665.8,h264,https://wtl.sz.gov.cn/ztzl_78228/tszl/wlzgj/dw/content/post_8559043.html,https://gdvideo.southcn.com/44aa8fc28be24587a74319f7e9e1385f/1bfaf5bc59d84f719e2468cc16407721-e241975dd1765cdddac85587b5a8ff94-sd.mp4,video/01_dawu/002_origin-and-history.mp4,
1,大舞,01_dawu,3,2大舞 功法特点,Characteristics,LD,LD,42333384,40.37,960,540,960x540,336.52,5.61,1006.4,h264,https://wtl.sz.gov.cn/ztzl_78228/tszl/wlzgj/dw/content/post_8559042.html,https://gdvideo.southcn.com/665a80d78f974b65810f5ba8f4a8df89/a637f857ce544a66b85ce899cef31cfd-a481ef9625347f8167e6c7a60b5fa9b9-ld.mp4,video/01_dawu/003_characteristics.mp4,
1,大舞,01_dawu,4,3大舞 预备势,Preparatory Posture,SD,"LD,SD",36805799,35.1,1280,720,1280x720,181.461,3.02,1622.6,h264,https://wtl.sz.gov.cn/ztzl_78228/tszl/wlzgj/dw/content/post_8559039.html,https://gdvideo.southcn.com/72124b7857a341a4989b4b1790a855d9/3e8ff8d383e54bb7b83e85e80cf1bfb9-0a95d32525f986dc787639d464f77941-sd.mp4,video/01_dawu/004_preparatory-posture.mp4,
1,大舞,01_dawu,5,4大舞 第一式 昂首势,Form 1 Raise Head,SD,"LD,SD",46908756,44.74,1280,720,1280x720,222.2,3.7,1688.9,h264,https://wtl.sz.gov.cn/ztzl_78228/tszl/wlzgj/dw/content/post_8559038.html,https://gdvideo.southcn.com/c8678f33fe1e4201a16f5a5f93811bfa/f558b51757e146aeaf4ab7dd2363f3d8-a624f27be62380bc98023044abee2f2d-sd.mp4,video/01_dawu/005_form-1-raise-head.mp4,
1,大舞,01_dawu,6,5大舞 第二式 开胯势,Form 2 Open Hips,LD,LD,33998956,32.42,960,540,960x540,259.648,4.33,1047.5,h264,https://wtl.sz.gov.cn/ztzl_78228/tszl/wlzgj/dw/content/post_8559037.html,https://gdvideo.southcn.com/dc217470970e4d1a93c9b1eb059b1894/2f5a558010d94648b8b4c65a65e66d2a-09c0f26f338204e602e87d9f735d2f81-ld.mp4,video/01_dawu/006_form-2-open-hips.mp4,
1,大舞,01_dawu,7,6大舞 第三式 抻腰势,Form 3 Stretch Waist,SD,"LD,SD",84008663,80.12,1280,720,1280x720,405.12,6.75,1658.9,h264,https://wtl.sz.gov.cn/ztzl_78228/tszl/wlzgj/dw/content/post_8559019.html,https://gdvideo.southcn.com/1c420a7bb23849148c8084cf1ff8f54e/64473564cf664c64b2c6989d4fd16755-63da160f0bedc0148ca290e27f1b159e-sd.mp4,video/01_dawu/007_form-3-stretch-waist.mp4,
1,大舞,01_dawu,8,7大舞 第四式 震体势,Form 4 Shake Body,SD,"LD,SD",92927604,88.62,1280,720,1280x720,452.757,7.55,1642.0,h264,https://wtl.sz.gov.cn/ztzl_78228/tszl/wlzgj/dw/content/post_8559011.html,https://gdvideo.southcn.com/bf8b093d65d5414aae976be0c8ccb1f0/24be535a4f2d484480e4c2baf3325240-86edeac2795d97b722c8e3e2ce0bbb1f-sd.mp4,video/01_dawu/008_form-4-shake-body.mp4,
1,大舞,01_dawu,9,8大舞 第五式 揉脊势,Form 5 Rub Spine,LD,LD,28824115,27.49,960,540,960x540,227.307,3.79,1014.5,h264,https://wtl.sz.gov.cn/ztzl_78228/tszl/wlzgj/dw/content/post_8558991.html,https://gdvideo.southcn.com/2fcb53126aba4977952a861a17907125/1688d28ebb6445d5b7c432efdfde4b97-9c6cc6a54372fc2e6540fc324e68c080-ld.mp4,video/01_dawu/009_form-5-rub-spine.mp4,
1,大舞,01_dawu,10,9大舞 第六式 摆臀势,Form 6 Swing Hips,LD,LD,45537710,43.43,960,540,960x540,363.307,6.06,1002.7,h264,https://wtl.sz.gov.cn/ztzl_78228/tszl/wlzgj/dw/content/post_8558979.html,https://gdvideo.southcn.com/9f94b62b838c4713977bd628a218878d/ac26a1b770c9448fa08038423ae43922-ec3fde22c787b1ab2c57a910b1138bd3-ld.mp4,video/01_dawu/010_form-6-swing-hips.mp4,
1,大舞,01_dawu,11,10大舞 第七式 摩肋势,Form 7 Rub Ribs,LD,LD,40992503,39.09,960,540,960x540,326.08,5.43,1005.7,h264,https://wtl.sz.gov.cn/ztzl_78228/tszl/wlzgj/dw/content/post_8558970.html,https://gdvideo.southcn.com/0a7c9096c2ef47d29b48ba3c22f55ba5/83f8a97059cb40248c8a914329e97de2-302f5b09d1736c1a0a61bc639a3551bc-ld.mp4,video/01_dawu/011_form-7-rub-ribs.mp4,
1,大舞,01_dawu,12,11大舞 第八式 飞身势,Form 8 Flying Body,LD,LD,41884114,39.94,960,540,960x540,333.547,5.56,1004.6,h264,https://wtl.sz.gov.cn/ztzl_78228/tszl/wlzgj/dw/content/post_8558966.html,https://gdvideo.southcn.com/78902927e4e04d448ae6bd08b61e5943/aebf2daa3e184eefb2ae47762760299d-bad5b2563d5fea3611c897d7746c1f13-ld.mp4,video/01_dawu/012_form-8-flying-body.mp4,
1,大舞,01_dawu,13,12大舞 收势,Closing Posture,SD,"LD,SD",46127024,43.99,1280,720,1280x720,229.653,3.83,1606.8,h264,https://wtl.sz.gov.cn/ztzl_78228/tszl/wlzgj/dw/content/post_8558945.html,https://gdvideo.southcn.com/85b0bc2019114bb2aeae19ba6cb5a2e0/709988d41aae45348ca432be0a5df135-9dbe6f3e98a7f8cf6ed754e09a7c845c-sd.mp4,video/01_dawu/013_closing-posture.mp4,
2,五禽戏,02_wuqinxi,1,五禽戏-预备势 起势调息,Preparatory Posture and Opening Breath Regulation,SD,"LD,SD",34743198,33.13,1280,720,1280x720,175.56,2.93,1583.2,h264,https://wtl.sz.gov.cn/ztzl_78228/tszl/wlzgj/wqx/content/post_10668798.html,https://gdvideo.southcn.com/d1b2c5b8052d40c8964ae59c2e958b71/7bac4f1057f24a6b8d8e1f3f17f8b74a-9e437c427d8ac3569afce338280250c3-sd.mp4,video/02_wuqinxi/001_preparatory-posture-and-opening-breath-regulation.mp4,
2,五禽戏,02_wuqinxi,2,五禽戏虎戏之虎举,Tiger Form Tiger Lift,SD,"LD,SD",51387511,49.01,1280,720,1280x720,258.72,4.31,1589.0,h264,https://wtl.sz.gov.cn/ztzl_78228/tszl/wlzgj/wqx/content/post_8559212.html,https://gdvideo.southcn.com/350400ded167492d9816931dcfaf72fa/4bc63119068044f7bed21af355bc8a1b-46cb64b38ff6c0cb49eeaf6b58958998-sd.mp4,video/02_wuqinxi/002_tiger-form-tiger-lift.mp4,
2,五禽戏,02_wuqinxi,3,五禽戏虎戏之虎扑,Tiger Form Tiger Pounce,LD,LD,40815703,38.92,960,540,960x540,335.52,5.59,973.2,h264,https://wtl.sz.gov.cn/ztzl_78228/tszl/wlzgj/wqx/content/post_8559203.html,https://gdvideo.southcn.com/41f740bac7094b89bdc6cb65b263005e/b3cf1c3b519f4cf9a3282a6bb5adf946-a749ee59f8d9fafdeb7d868f07b037ff-ld.mp4,video/02_wuqinxi/003_tiger-form-tiger-pounce.mp4,
2,五禽戏,02_wuqinxi,4,五禽戏鹿戏之鹿抵,Deer Form Deer Butt,SD,"LD,SD",55888515,53.3,1280,720,1280x720,281.48,4.69,1588.4,h264,https://wtl.sz.gov.cn/ztzl_78228/tszl/wlzgj/wqx/content/post_8559190.html,https://gdvideo.southcn.com/ce3a41c6677042cbaca1fae89d0cc49b/6d6c9a0124764f54b8da6ca9748ff84f-b6369866a0c4829dc27e892f459dc7b4-sd.mp4,video/02_wuqinxi/004_deer-form-deer-butt.mp4,
2,五禽戏,02_wuqinxi,5,五禽戏鹿戏之鹿奔,Deer Form Deer Run,LD,LD,38748705,36.95,960,540,960x540,319.32,5.32,970.8,h264,https://wtl.sz.gov.cn/ztzl_78228/tszl/wlzgj/wqx/content/post_8559185.html,https://gdvideo.southcn.com/c31197228e1f40ad819da697ca298156/b7bd50f4c7b348f894d3d07c8a1f31f5-8b3304fbb49f2d8598ab33c2571f0019-ld.mp4,video/02_wuqinxi/005_deer-form-deer-run.mp4,
2,五禽戏,02_wuqinxi,6,五禽戏熊戏之熊运,Bear Form Bear Turn,SD,"LD,SD",43263586,41.26,1280,720,1280x720,218.92,3.65,1581.0,h264,https://wtl.sz.gov.cn/ztzl_78228/tszl/wlzgj/wqx/content/post_8559150.html,https://gdvideo.southcn.com/1b0529257b7148b2843b21183b796183/5e54c1846ac24764aa5988105204d63c-ea667db4e6d8718d722861f73cbe9c66-sd.mp4,video/02_wuqinxi/006_bear-form-bear-turn.mp4,
2,五禽戏,02_wuqinxi,7,五禽戏熊戏之熊晃,Bear Form Bear Sway,SD,"LD,SD",47321390,45.13,1280,720,1280x720,238.2,3.97,1589.3,h264,https://wtl.sz.gov.cn/ztzl_78228/tszl/wlzgj/wqx/content/post_8559144.html,https://gdvideo.southcn.com/a562c73d9cf2416dbfaf4737ec816e17/8e8a4e65912e49b4aea1114a4392a52e-f9b2a478d47d3dd1ba1ea95b75311f37-sd.mp4,video/02_wuqinxi/007_bear-form-bear-sway.mp4,
2,五禽戏,02_wuqinxi,8,五禽戏猿戏之猿提,Monkey Form Monkey Lift,SD,"LD,SD",50437558,48.1,1280,720,1280x720,254.36,4.24,1586.3,h264,https://wtl.sz.gov.cn/ztzl_78228/tszl/wlzgj/wqx/content/post_8559140.html,https://gdvideo.southcn.com/9b00474bf9fe4b948a33637bf1d412d8/b97b0dadeecb437a99a4644162db6a2a-51834b525a518b403e8f2175b0925e08-sd.mp4,video/02_wuqinxi/008_monkey-form-monkey-lift.mp4,
2,五禽戏,02_wuqinxi,9,五禽戏猿戏之猿摘,Monkey Form Monkey Pick,SD,"LD,SD",65138610,62.12,1280,720,1280x720,328.16,5.47,1588.0,h264,https://wtl.sz.gov.cn/ztzl_78228/tszl/wlzgj/wqx/content/post_8559134.html,https://gdvideo.southcn.com/fd7298acf0ac4551ada2d58bbd515827/0ec618c85011492fac2a9ea5b7a54cba-88e53a17841f613aefbd00cdf7771310-sd.mp4,video/02_wuqinxi/009_monkey-form-monkey-pick.mp4,
2,五禽戏,02_wuqinxi,10,五禽戏鸟戏之鸟伸,Bird Form Bird Stretch,LD,LD,35868549,34.21,960,540,960x540,295.24,4.92,971.9,h264,https://wtl.sz.gov.cn/ztzl_78228/tszl/wlzgj/wqx/content/post_8559124.html,https://gdvideo.southcn.com/8242d61e39e34777a648fc3e7c620d2f/4303ed05473144c782730024ae20f237-100332a893da483691954ead7be50a17-ld.mp4,video/02_wuqinxi/010_bird-form-bird-stretch.mp4,
2,五禽戏,02_wuqinxi,11,五禽戏鸟戏之鸟飞,Bird Form Bird Fly,SD,"LD,SD",55132780,52.58,1280,720,1280x720,278.12,4.64,1585.9,h264,https://wtl.sz.gov.cn/ztzl_78228/tszl/wlzgj/wqx/content/post_8559097.html,https://gdvideo.southcn.com/67d0d8b3e75c4980ba027e32fd603264/df9ab07a4c674389ba18d3295392fd4c-6174b73f9a842dfb745a87d7a2051034-sd.mp4,video/02_wuqinxi/011_bird-form-bird-fly.mp4,
2,五禽戏,02_wuqinxi,12,五禽戏收势引气归元,Closing Posture Guide Qi Back to Origin,LD,LD,21561854,20.56,960,540,960x540,177.64,2.96,971.0,h264,https://wtl.sz.gov.cn/ztzl_78228/tszl/wlzgj/wqx/content/post_8559091.html,https://gdvideo.southcn.com/f8e5e7c6c0e149f88a29900c08da9d55/b3bd53dc2ffe43719e1f018163d410ba-d6594f19d9431346899fb4094294c406-ld.mp4,video/02_wuqinxi/012_closing-posture-guide-qi-back-to-origin.mp4,
3,八段锦,03_baduanjin,1,八段锦全套动作演示,Complete Routine Demonstration,LD,LD,95388345,90.97,960,540,960x540,767.808,12.8,993.9,h264,https://wtl.sz.gov.cn/ztzl_78228/tszl/wlzgj/bdj/content/post_10668630.html,https://gdvideo.southcn.com/7dfef135aa3841c193bbfb63c73705a2/657d653efad84ca8ae574fbdeb181ee4-a4acf6f077361719012bea580ff276a4-ld.mp4,video/03_baduanjin/001_complete-routine-demonstration.mp4,
3,八段锦,03_baduanjin,2,1八段锦名称由来,Name Origin,SD,"LD,SD",10322194,9.84,1280,720,1280x720,50.28,0.84,1642.4,h264,https://wtl.sz.gov.cn/ztzl_78228/tszl/wlzgj/bdj/content/post_8559527.html,https://gdvideo.southcn.com/9a35f964e21341279ddc3daa931a4c4d/d81c77a35b7046bb84f0bc2f19a98e47-01b9f045bda3f598b3c3b1188678c128-sd.mp4,video/03_baduanjin/002_name-origin.mp4,
3,八段锦,03_baduanjin,3,2八段锦功法源流,Origin and History,SD,"LD,SD",61305135,58.47,1280,720,1280x720,293.36,4.89,1671.8,h264,https://wtl.sz.gov.cn/ztzl_78228/tszl/wlzgj/bdj/content/post_8559518.html,https://gdvideo.southcn.com/613bd66b3f394ee38f45a1afa7617ae6/362a1092700e44458f277149ee357ea2-40fa67f0fb30703473dd116db7274a65-sd.mp4,video/03_baduanjin/003_origin-and-history.mp4,
3,八段锦,03_baduanjin,4,3八段锦功法特点,Characteristics,SD,"LD,SD",59292160,56.55,1280,720,1280x720,296.725,4.95,1598.6,h264,https://wtl.sz.gov.cn/ztzl_78228/tszl/wlzgj/bdj/content/post_8559512.html,https://gdvideo.southcn.com/9ae0db8c7379400b87323c1e79e7c19c/96f11dd434b54f55a4f732d5abb446d9-0ae1f350e68ef6b73232bc88b7449fe3-sd.mp4,video/03_baduanjin/004_characteristics.mp4,
3,八段锦,03_baduanjin,5,4八段锦预备势,Preparatory Posture,SD,"LD,SD",35324743,33.69,1280,720,1280x720,176.491,2.94,1601.2,h264,https://wtl.sz.gov.cn/ztzl_78228/tszl/wlzgj/bdj/content/post_8559509.html,https://gdvideo.southcn.com/272d1a4de83d45fa9612a459e940951b/9bfa014fc3f645a0a9a40cf79421e3ca-99fff6d4d599e1b37345a37047ed132e-sd.mp4,video/03_baduanjin/005_preparatory-posture.mp4,
3,八段锦,03_baduanjin,6,5八段锦两手托天理三焦,Two Hands Hold Up the Heavens,SD,"LD,SD",45028780,42.94,1280,720,1280x720,220.843,3.68,1631.2,h264,https://wtl.sz.gov.cn/ztzl_78228/tszl/wlzgj/bdj/content/post_8559508.html,https://gdvideo.southcn.com/b8aaeee790b74f9084c0bed66ea19312/8a3d6f5ec25340cba0a02db008ffcc61-f5f14c9c75d1f24335b1b7a604dd8bef-sd.mp4,video/03_baduanjin/006_two-hands-hold-up-the-heavens.mp4,
3,八段锦,03_baduanjin,7,6八段锦左右开弓似射雕,Draw the Bow Left and Right,SD,"LD,SD",50611599,48.27,1280,720,1280x720,250.133,4.17,1618.7,h264,https://wtl.sz.gov.cn/ztzl_78228/tszl/wlzgj/bdj/content/post_8559473.html,https://gdvideo.southcn.com/616e5493cadb4b2b984d79e16301de22/a47d8acef1d7401fa70cbc1155d5c9a4-3b7cddd60dbec8c857547bec78529435-sd.mp4,video/03_baduanjin/007_draw-the-bow-left-and-right.mp4,
3,八段锦,03_baduanjin,8,7八段锦调理脾胃须单举,Single Lift Regulates Spleen and Stomach,LD,LD,26600107,25.37,960,540,960x540,211.264,3.52,1007.3,h264,https://wtl.sz.gov.cn/ztzl_78228/tszl/wlzgj/bdj/content/post_8559469.html,https://gdvideo.southcn.com/ef550b7a60634fa38eebc15e78aee0e5/67ed02d82c6b49baa8d1bafd170fd9c3-3c93f99d0a84a59a0d2122ba2659d202-ld.mp4,video/03_baduanjin/008_single-lift-regulates-spleen-and-stomach.mp4,
3,八段锦,03_baduanjin,9,8八段锦五劳七伤往后瞧,Look Back to Relieve Five Strains and Seven Impairments,SD,"LD,SD",49649640,47.35,1280,720,1280x720,241.344,4.02,1645.8,h264,https://wtl.sz.gov.cn/ztzl_78228/tszl/wlzgj/bdj/content/post_8559467.html,https://gdvideo.southcn.com/99d4b74c53b442b685b7ce2aa79b2ce4/2c4fea302bad4afc84bc9c9a5c188c68-c6f96daa56f3ec733d4984281e78e827-sd.mp4,video/03_baduanjin/009_look-back-to-relieve-five-strains-and-seven-impairments.mp4,
3,八段锦,03_baduanjin,10,9八段锦摇头摆尾去心火,Sway Head and Tail to Remove Heart Fire,SD,"LD,SD",54354338,51.84,1280,720,1280x720,269.909,4.5,1611.0,h264,https://wtl.sz.gov.cn/ztzl_78228/tszl/wlzgj/bdj/content/post_8559465.html,https://gdvideo.southcn.com/9a0fdc68c0104905a1d61e58054773a1/cd84fee32b5d480f82a507ab830bb9e7-03cf69a099be2903cfed079a2b738dc3-sd.mp4,video/03_baduanjin/010_sway-head-and-tail-to-remove-heart-fire.mp4,
3,八段锦,03_baduanjin,11,10八段锦两手攀足固肾腰,Two Hands Climb Feet to Strengthen Kidneys and Waist,SD,"LD,SD",54624167,52.09,1280,720,1280x720,274.56,4.58,1591.6,h264,https://wtl.sz.gov.cn/ztzl_78228/tszl/wlzgj/bdj/content/post_8559458.html,https://gdvideo.southcn.com/7fb172b65dd749bba1f294be70b61a07/eb5a5b0315884f819dc97683cb327926-6b866b07b8fd2f56e13a62a307d35d66-sd.mp4,video/03_baduanjin/011_two-hands-climb-feet-to-strengthen-kidneys-and-waist.mp4,
3,八段锦,03_baduanjin,12,11八段锦攒拳怒目增气力,Clench Fists and Glare to Increase Strength,SD,"LD,SD",55791557,53.21,1280,720,1280x720,273.643,4.56,1631.1,h264,https://wtl.sz.gov.cn/ztzl_78228/tszl/wlzgj/bdj/content/post_8559455.html,https://gdvideo.southcn.com/bea03cf281344f83b01f8ab8ab927e8f/ef83276ba7a54021a36aa830eba40ebf-75ff4d4cdae84db9b8270ac38fc6ac9c-sd.mp4,video/03_baduanjin/012_clench-fists-and-glare-to-increase-strength.mp4,
3,八段锦,03_baduanjin,13,12八段锦背后七颠百病消,Bounce on the Toes Seven Times,SD,"LD,SD",35045152,33.42,1280,720,1280x720,170.091,2.83,1648.3,h264,https://wtl.sz.gov.cn/ztzl_78228/tszl/wlzgj/bdj/content/post_8559445.html,https://gdvideo.southcn.com/3acde513ee8b46488f99056203ca809e/f3ac331f53c643208b232e8de36a7b1c-d0e73ce09432f36d5dda46ebe9950e8d-sd.mp4,video/03_baduanjin/013_bounce-on-the-toes-seven-times.mp4,
3,八段锦,03_baduanjin,14,13八段锦收势,Closing Posture,SD,"LD,SD",29459710,28.09,1280,720,1280x720,147.989,2.47,1592.5,h264,https://wtl.sz.gov.cn/ztzl_78228/tszl/wlzgj/bdj/content/post_8559432.html,https://gdvideo.southcn.com/e938860d28e64770af39555e2feb90de/0e683bc84f5646b6969025b19c94056d-67650e6139257397ea0a0d6303e7fdd6-sd.mp4,video/03_baduanjin/014_closing-posture.mp4,
4,明目功,04_mingmu-gong,1,明目功（成人版）展示,Adult Version Demonstration,LD,LD,95274039,90.86,960,540,960x540,776.034,12.93,982.2,h264,https://wtl.sz.gov.cn/ztzl_78228/tszl/wlzgj/wl01/content/post_10487536.html,https://gdvideo.southcn.com/996cb28e86644abd8d1bc6b76508e89e/397bdd2bcef54c0da1e0eceb9ba39c3c-158d2946392e40c50cdc81c09666a26d-ld.mp4,video/04_mingmu-gong/001_adult-version-demonstration.mp4,
4,明目功,04_mingmu-gong,2,明目功（青少版）展示,Youth Version Demonstration,LD,LD,60688515,57.88,960,540,960x540,484.809,8.08,1001.4,h264,https://wtl.sz.gov.cn/ztzl_78228/tszl/wlzgj/wl01/content/post_10487535.html,https://gdvideo.southcn.com/608117b54df74c6a9b8b0c438fd7940c/b9e269013d1b4408b45baa310b966790-0ec0d20e127b7167bd13ef99f2292444-ld.mp4,video/04_mingmu-gong/002_youth-version-demonstration.mp4,
5,六字诀,05_liuzijue,1,六字诀整套功法演示,Complete Routine Demonstration,LD,LD,124367265,118.61,960,540,960x540,994.046,16.57,1000.9,h264,https://wtl.sz.gov.cn/ztzl_78228/tszl/wlzgj/lzj/content/post_10668635.html,https://gdvideo.southcn.com/c5ae10a6342f482898c2eba55a80e79b/86e1d254ecff4ee39ffdc1bb2a8d5b97-2a6fddfbc6044490223b5a8c3eff47d2-ld.mp4,video/05_liuzijue/001_complete-routine-demonstration.mp4,
5,六字诀,05_liuzijue,2,1.六字诀-历史与介绍,History and Introduction,LD,LD,35932741,34.27,960,540,960x540,291.178,4.85,987.2,h264,https://wtl.sz.gov.cn/ztzl_78228/tszl/wlzgj/lzj/content/post_8569530.html,https://gdvideo.southcn.com/ebe49d3ec0e943e1bf5277b4aba65fd4/bb7a2f854e8e4b9cada76351bae44f38-164faa4a48f6bfe251fa16da72064f35-ld.mp4,video/05_liuzijue/002_history-and-introduction.mp4,
5,六字诀,05_liuzijue,3,2.六字诀-读音吐气法,Pronunciation and Exhalation Method,SD,"LD,SD",128876021,122.91,1280,720,1280x720,629.168,10.49,1638.7,h264,https://wtl.sz.gov.cn/ztzl_78228/tszl/wlzgj/lzj/content/post_8569340.html,https://gdvideo.southcn.com/6c9b16726e58402eaeb09e491be4b85c/9a0a8d3ea53e4c7b826f848b3ad35706-fc7c294cfa6520b4749f169a3556eb31-sd.mp4,video/05_liuzijue/003_pronunciation-and-exhalation-method.mp4,
5,六字诀,05_liuzijue,4,3.六字诀-预备式+起式,Preparatory Posture and Opening Posture,SD,"LD,SD",31791944,30.32,1280,720,1280x720,157.245,2.62,1617.4,h264,https://wtl.sz.gov.cn/ztzl_78228/tszl/wlzgj/lzj/content/post_8569369.html,https://gdvideo.southcn.com/8b741a3469f4449294a43a159c6c775d/60566e3613e6433eb3f6ae733c112838-603a6bef628e669a2bc2836d4fbb8c32-sd.mp4,video/05_liuzijue/004_preparatory-posture-and-opening-posture.mp4,
5,六字诀,05_liuzijue,5,4.六字诀-“嘘”字诀,XU Sound,SD,"LD,SD",20454612,19.51,1280,720,1280x720,102.98,1.72,1589.0,h264,https://wtl.sz.gov.cn/ztzl_78228/tszl/wlzgj/lzj/content/post_8569389.html,https://gdvideo.southcn.com/209637f0d5964da68106c11e209034ce/6003bc9682564a3db11260517bf88fe1-d0766f8a448789e7a805bd4ce60c6dd5-sd.mp4,video/05_liuzijue/005_xu-sound.mp4,
5,六字诀,05_liuzijue,6,5.六字诀-“呵”字诀,HE Sound,SD,"LD,SD",28530957,27.21,1280,720,1280x720,141.04,2.35,1618.3,h264,https://wtl.sz.gov.cn/ztzl_78228/tszl/wlzgj/lzj/content/post_8569394.html,https://gdvideo.southcn.com/8f13d0bbeab74c6780fe36512903b490/da6067e5d2024eed8f70f01041a25620-84da9b26e6d758e33992b3d281c74b07-sd.mp4,video/05_liuzijue/006_he-sound.mp4,
5,六字诀,05_liuzijue,7,6.六字诀-“呼”字诀,HU Sound,SD,"LD,SD",19967094,19.04,1280,720,1280x720,99.985,1.67,1597.6,h264,https://wtl.sz.gov.cn/ztzl_78228/tszl/wlzgj/lzj/content/post_8569399.html,https://gdvideo.southcn.com/7463455b9a56447ab36683b94f6ac19c/1627625c35ab47ac9a3a46bb313df768-5aa8149ccfec5d3cfb616e2993bd08ba-sd.mp4,video/05_liuzijue/007_hu-sound.mp4,
5,六字诀,05_liuzijue,8,7.六字诀-“罒”字诀,SI Sound,SD,"LD,SD",30819534,29.39,1280,720,1280x720,153.182,2.55,1609.6,h264,https://wtl.sz.gov.cn/ztzl_78228/tszl/wlzgj/lzj/content/post_8569403.html,https://gdvideo.southcn.com/1fe7379a31974fcb96040676cbf6face/cb6758f4de824e02aa11ac732d7510f3-6190433bb4c9cec4d0d221d47353f947-sd.mp4,video/05_liuzijue/008_si-sound.mp4,
5,六字诀,05_liuzijue,9,8.六字诀-“吹”字诀,Chui Sound,SD,"LD,SD",29403539,28.04,1280,720,1280x720,145.72,2.43,1614.2,h264,https://wtl.sz.gov.cn/ztzl_78228/tszl/wlzgj/lzj/content/post_8569404.html,https://gdvideo.southcn.com/f0772495409545bcb441110882a581bf/88df7b4a927e44cb83306e203c435940-65f418e5a98a348f8ffff9c9ba71ee51-sd.mp4,video/05_liuzijue/009_chui-sound.mp4,
5,六字诀,05_liuzijue,10,9.六字诀-“嘻”字诀,XI Sound,LD,LD,19239602,18.35,960,540,960x540,154.854,2.58,993.9,h264,https://wtl.sz.gov.cn/ztzl_78228/tszl/wlzgj/lzj/content/post_8569415.html,https://gdvideo.southcn.com/5f2f9d5643304ed2b5790a398c7da193/c51bfd444cfa433d822563ad41c3b181-8f578b00e0e0293427821167e1d2527c-ld.mp4,video/05_liuzijue/010_xi-sound.mp4,
5,六字诀,05_liuzijue,11,10.六字诀-收式,Closing Posture,SD,"LD,SD",23651340,22.56,1280,720,1280x720,116.82,1.95,1619.7,h264,https://wtl.sz.gov.cn/ztzl_78228/tszl/wlzgj/lzj/content/post_8569421.html,https://gdvideo.southcn.com/7502a2962b2341b2991f48dae7269293/aa30e2e57e034922a79aeb64ff58cbc8-cd480e64ff8120b6337e20977fd39fe3-sd.mp4,video/05_liuzijue/011_closing-posture.mp4,
6,十二段锦,06_twelve-section-brocade,1,十二段锦整套功法演示,Complete Routine Demonstration,LD,LD,185373753,176.79,960,540,960x540,1477.68,24.63,1003.6,h264,https://wtl.sz.gov.cn/ztzl_78228/tszl/wlzgj/shier/content/post_10668640.html,https://gdvideo.southcn.com/bbb274b5eda64b519c2d6241589b9ed6/3a7a7498a03c41bb9ea754fab6868bf3-6a3f21756ad7bd4952880fd497bd1396-ld.mp4,video/06_twelve-section-brocade/001_complete-routine-demonstration.mp4,
6,十二段锦,06_twelve-section-brocade,2,1十二段锦 功法源流,Origin and History,SD,"LD,SD",44731537,42.66,1280,720,1280x720,218.36,3.64,1638.8,h264,https://wtl.sz.gov.cn/ztzl_78228/tszl/wlzgj/shier/content/post_8564496.html,https://gdvideo.southcn.com/407e4bad93f346aeab5c1fbedc75dc61/5fb2093a678a4b39a97c815c1044f459-2da40fd0ddc60d5126b45fb0186e6912-sd.mp4,video/06_twelve-section-brocade/002_origin-and-history.mp4,
6,十二段锦,06_twelve-section-brocade,3,2十二段锦 功法特点,Characteristics,SD,"LD,SD",55426079,52.86,1280,720,1280x720,269.909,4.5,1642.8,h264,https://wtl.sz.gov.cn/ztzl_78228/tszl/wlzgj/shier/content/post_8564486.html,https://gdvideo.southcn.com/d3eba367c6b24393808bb8bbd3bdfb46/b6dac0ca312b41178b7ab87f48c51f9e-e1d0d4bdaaa9ae93c05b738502808ed6-sd.mp4,video/06_twelve-section-brocade/003_characteristics.mp4,
6,十二段锦,06_twelve-section-brocade,4,3十二段锦 预备势,Preparatory Posture,SD,"LD,SD",24877328,23.72,1280,720,1280x720,123.883,2.06,1606.5,h264,https://wtl.sz.gov.cn/ztzl_78228/tszl/wlzgj/shier/content/post_8564458.html,https://gdvideo.southcn.com/657a0bb0ff4f42899dbe8f3f69afb4a2/7382a5de540a467fa6fac169a4025c1d-45c4351db1d9f50e44636eceb83dcac9-sd.mp4,video/06_twelve-section-brocade/004_preparatory-posture.mp4,
6,十二段锦,06_twelve-section-brocade,5,4十二段锦 第一式 冥心握固,Form 1 Calm Mind and Clench Fists,SD,"LD,SD",27852616,26.56,1280,720,1280x720,138.133,2.3,1613.1,h264,https://wtl.sz.gov.cn/ztzl_78228/tszl/wlzgj/shier/content/post_8564454.html,https://gdvideo.southcn.com/55c6758a637347258aa108aaa3415358/b6825c2641e74077b9474e5804999730-02f382dad8110116269e4a830c8ce224-sd.mp4,video/06_twelve-section-brocade/005_form-1-calm-mind-and-clench-fists.mp4,
6,十二段锦,06_twelve-section-brocade,6,5十二段锦 第二式 叩齿鸣鼓,Form 2 Tap Teeth and Beat Heavenly Drum,SD,"LD,SD",45349283,43.25,1280,720,1280x720,223.189,3.72,1625.5,h264,https://wtl.sz.gov.cn/ztzl_78228/tszl/wlzgj/shier/content/post_8564449.html,https://gdvideo.southcn.com/e33bc56600cb4054b6ac3494c62f682f/2169f300e6234d0ebf157b8545c4206e-880a42f21c1f783876bbfd2ff4675286-sd.mp4,video/06_twelve-section-brocade/006_form-2-tap-teeth-and-beat-heavenly-drum.mp4,
6,十二段锦,06_twelve-section-brocade,7,6十二段锦 第三式 微撼天柱,Form 3 Gently Shake Heavenly Pillar,SD,"LD,SD",59510673,56.75,1280,720,1280x720,298.965,4.98,1592.4,h264,https://wtl.sz.gov.cn/ztzl_78228/tszl/wlzgj/shier/content/post_8564436.html,https://gdvideo.southcn.com/0d2cf39188924f26aab758ddad02054a/e953e988015949b2a91c315b8204a948-5e254fe6e5a02acfd3a605df7f74159e-sd.mp4,video/06_twelve-section-brocade/007_form-3-gently-shake-heavenly-pillar.mp4,
6,十二段锦,06_twelve-section-brocade,8,7十二段锦 第四式 掌抱昆仑,Form 4 Palms Embrace Kunlun,SD,"LD,SD",98083532,93.54,1280,720,1280x720,485.76,8.1,1615.3,h264,https://wtl.sz.gov.cn/ztzl_78228/tszl/wlzgj/shier/content/post_8564430.html,https://gdvideo.southcn.com/e30c252a92b04c778abf0bafbe2c6722/371da93b71ec44c396b709ab612b6fb0-1278fe9975bc6840c6f405004ed7c5da-sd.mp4,video/06_twelve-section-brocade/008_form-4-palms-embrace-kunlun.mp4,
6,十二段锦,06_twelve-section-brocade,9,8十二段锦 第五式 摇转辘轳,Form 5 Turn the Pulley,SD,"LD,SD",91287045,87.06,1280,720,1280x720,448.256,7.47,1629.2,h264,https://wtl.sz.gov.cn/ztzl_78228/tszl/wlzgj/shier/content/post_8564385.html,https://gdvideo.southcn.com/b0db80a8149f40a099339ee793005fcd/ddce2c1a91244b808380b95f2cb0a5b0-32b176f024794bc6fb68ef4c69774354-sd.mp4,video/06_twelve-section-brocade/009_form-5-turn-the-pulley.mp4,
6,十二段锦,06_twelve-section-brocade,10,9十二段锦 第六式 托天按顶,Form 6 Lift Heaven and Press Crown,SD,"LD,SD",51983543,49.58,1280,720,1280x720,254.208,4.24,1635.9,h264,https://wtl.sz.gov.cn/ztzl_78228/tszl/wlzgj/shier/content/post_8564378.html,https://gdvideo.southcn.com/c1cf463b1a694862a9053ffe5445a58e/e30b2260442c4235817eac62db8d1ade-54791f813ef447260f6bee6b29062de4-sd.mp4,video/06_twelve-section-brocade/010_form-6-lift-heaven-and-press-crown.mp4,
6,十二段锦,06_twelve-section-brocade,11,10十二段锦 第七式 俯身攀足,Form 7 Bend Forward and Climb Feet,LD,LD,40782315,38.89,960,540,960x540,325.867,5.43,1001.2,h264,https://wtl.sz.gov.cn/ztzl_78228/tszl/wlzgj/shier/content/post_8564369.html,https://gdvideo.southcn.com/7f53bd442e1c48f6ac498e7cb273e364/0006d49ae04f49bb81ef81e505fa2821-c255d9d930c74c3823886c9dee1db88c-ld.mp4,video/06_twelve-section-brocade/011_form-7-bend-forward-and-climb-feet.mp4,
6,十二段锦,06_twelve-section-brocade,12,11十二段锦 第八式 背摩精门,Form 8 Rub Kidney Gate,SD,"LD,SD",33381992,31.84,1280,720,1280x720,164.565,2.74,1622.8,h264,https://wtl.sz.gov.cn/ztzl_78228/tszl/wlzgj/shier/content/post_8564275.html,https://gdvideo.southcn.com/444bbc0eae1c47c9863e8277fc04e1d4/38a3df52f3394444a8e5e79ac4f01b68-56e344d8b65bb554b72014dc21bd359d-sd.mp4,video/06_twelve-section-brocade/012_form-8-rub-kidney-gate.mp4,
6,十二段锦,06_twelve-section-brocade,13,12十二段锦 第九式 前抚脘腹,Form 9 Stroke Upper Abdomen,LD,LD,26883774,25.64,960,540,960x540,212.416,3.54,1012.5,h264,https://wtl.sz.gov.cn/ztzl_78228/tszl/wlzgj/shier/content/post_8564268.html,https://gdvideo.southcn.com/fb2274a89e234554ae09a64cab430744/6778b14769e54f7d847058283ff80ed7-b2d5f2cb93cc58a46d5b44e2ca459b4d-ld.mp4,video/06_twelve-section-brocade/013_form-9-stroke-upper-abdomen.mp4,
6,十二段锦,06_twelve-section-brocade,14,13十二段锦 第十式 温煦脐轮,Form 10 Warm the Navel Wheel,SD,"LD,SD",45378176,43.28,1280,720,1280x720,221.824,3.7,1636.5,h264,https://wtl.sz.gov.cn/ztzl_78228/tszl/wlzgj/shier/content/post_8564260.html,https://gdvideo.southcn.com/b43ddc81ff134dae9af12dad8a939ed9/0a68fc2e56cb464ca11b6e422ca0881b-d18fab005299910619c7288311dfe770-sd.mp4,video/06_twelve-section-brocade/014_form-10-warm-the-navel-wheel.mp4,
6,十二段锦,06_twelve-section-brocade,15,14十二段锦 第十一式 摇身晃海,Form 11 Sway Body and Shake the Sea,LD,LD,31646521,30.18,960,540,960x540,256.405,4.27,987.4,h264,https://wtl.sz.gov.cn/ztzl_78228/tszl/wlzgj/shier/content/post_8564254.html,https://gdvideo.southcn.com/2f198734e823470eac16ff2a67b4655d/bcd0108dc8a3400e838fdb9d0c00c9fd-e45137ea17e44fcb883c393611127010-ld.mp4,video/06_twelve-section-brocade/015_form-11-sway-body-and-shake-the-sea.mp4,
6,十二段锦,06_twelve-section-brocade,16,15十二段锦 第十二式 鼓漱吞津,Form 12 Rinse Mouth and Swallow Saliva,SD,"LD,SD",72218111,68.87,1280,720,1280x720,354.389,5.91,1630.3,h264,https://wtl.sz.gov.cn/ztzl_78228/tszl/wlzgj/shier/content/post_8564237.html,https://gdvideo.southcn.com/a13f1b4c59e8406db9173200305ec0af/9e0db2960a1e490d9e30003800cef040-210222912f805b62f71ecbd590e6d93b-sd.mp4,video/06_twelve-section-brocade/016_form-12-rinse-mouth-and-swallow-saliva.mp4,
6,十二段锦,06_twelve-section-brocade,17,16十二段锦 收势,Closing Posture,LD,LD,28739040,27.41,960,540,960x540,220.907,3.68,1040.8,h264,https://wtl.sz.gov.cn/ztzl_78228/tszl/wlzgj/shier/content/post_8564221.html,https://gdvideo.southcn.com/466e61b515014b6b9163b235987be478/71ccf5d2d9984c9eaad18af9c0d2e520-c1908845a0f7e43f4efed675c150465c-ld.mp4,video/06_twelve-section-brocade/017_closing-posture.mp4,
7,校园五禽戏,07_campus-wuqinxi,1,校园五禽戏（小学版）展示,Elementary School Version Demonstration,LD,LD,46215263,44.07,960,540,960x540,376.04,6.27,983.2,h264,https://wtl.sz.gov.cn/ztzl_78228/tszl/wlzgj/xywqx/content/post_10286948.html,https://gdvideo.southcn.com/6efcd83a10554ea6af0a19fa1eeb81fc/1d8bdc2e6e2b4b1cb9e0f0934572f410-34ef578e4f1d6952792e1d6ddcb612ba-ld.mp4,video/07_campus-wuqinxi/001_elementary-school-version-demonstration.mp4,
7,校园五禽戏,07_campus-wuqinxi,2,校园五禽戏（高中版）展示,High School Version Demonstration,SD,"LD,SD",90370996,86.18,1280,720,1280x720,454.96,7.58,1589.1,h264,https://wtl.sz.gov.cn/ztzl_78228/tszl/wlzgj/xywqx/content/post_10437503.html,https://gdvideo.southcn.com/3ec85a3729604cafa9386668656a6065/102285592b644b4b83d66b5b50bdde78-78af81200c5e2cf7edcbc8ccaef31b20-sd.mp4,video/07_campus-wuqinxi/002_high-school-version-demonstration.mp4,
7,校园五禽戏,07_campus-wuqinxi,3,校园五禽戏（初中版）展示,Middle School Version Demonstration,SD,"LD,SD",82589251,78.76,1280,720,1280x720,415.84,6.93,1588.9,h264,https://wtl.sz.gov.cn/ztzl_78228/tszl/wlzgj/xywqx/content/post_10437504.html,https://gdvideo.southcn.com/35038fc3df1645c696dc7e4f166b8aea/6472a70de1464159b56d3a80805d1dc4-4cefd7845a604f784a343c66649014dd-sd.mp4,video/07_campus-wuqinxi/003_middle-school-version-demonstration.mp4,
8,太极养生杖,08_taiji-health-stick,1,太极养生杖全套功法演示,Complete Routine Demonstration,LD,LD,119810493,114.26,960,540,960x540,968.384,16.14,989.8,h264,https://wtl.sz.gov.cn/ztzl_78228/tszl/wlzgj/tj/content/post_10668654.html,https://gdvideo.southcn.com/2e5d7b7ed09d47af9c5eb6114f0a62b6/d09f49820ae44766aa5491b7962c5d62-5f1b2fa60139f7830beeff6b64fbe335-ld.mp4,video/08_taiji-health-stick/001_complete-routine-demonstration.mp4,
8,太极养生杖,08_taiji-health-stick,2,1功法源流,Origin and History,SD,"LD,SD",33088891,31.56,1280,720,1280x720,162.28,2.7,1631.2,h264,https://wtl.sz.gov.cn/ztzl_78228/tszl/wlzgj/tj/content/post_8563204.html,https://gdvideo.southcn.com/b424e29a500d4445bd6636e47203dec9/00dcea66706a4296a817c3a8221cb1fc-23cd1c16594b5d2a7d73025849143546-sd.mp4,video/08_taiji-health-stick/002_origin-and-history.mp4,
8,太极养生杖,08_taiji-health-stick,3,2功法特点,Characteristics,SD,"LD,SD",51492831,49.11,1280,720,1280x720,252.779,4.21,1629.7,h264,https://wtl.sz.gov.cn/ztzl_78228/tszl/wlzgj/tj/content/post_8563197.html,https://gdvideo.southcn.com/cfb8564e63a14495a25b263405732795/e580a7b2f1eb4102ac4a47c89c115772-b516e3da6e6a0c6a1f9dc576650a8e67-sd.mp4,video/08_taiji-health-stick/003_characteristics.mp4,
8,太极养生杖,08_taiji-health-stick,4,3功法基础,Fundamentals,SD,"LD,SD",121730877,116.09,1280,720,1280x720,594.048,9.9,1639.3,h264,https://wtl.sz.gov.cn/ztzl_78228/tszl/wlzgj/tj/content/post_8563189.html,https://gdvideo.southcn.com/dc2f758bbaa244e9bf1646575d75fa7d/6002482ede3647d58aa88bfe2d67493c-7cd242e987cb643e83bbc16dd05345ac-sd.mp4,video/08_taiji-health-stick/004_fundamentals.mp4,
8,太极养生杖,08_taiji-health-stick,5,4预备势,Preparatory Posture,SD,"LD,SD",36054602,34.38,1280,720,1280x720,174.827,2.91,1649.8,h264,https://wtl.sz.gov.cn/ztzl_78228/tszl/wlzgj/tj/content/post_8563173.html,https://gdvideo.southcn.com/a6689abaaadf4b5289ee1d32347d7929/93755e52e16c442ea4a8f3ede0d2c369-58a4707306c4269b025fa7ace1a0fa89-sd.mp4,video/08_taiji-health-stick/005_preparatory-posture.mp4,
8,太极养生杖,08_taiji-health-stick,6,5第一式 艄公摇橹,Form 1 Boatman Rows the Oar,SD,"LD,SD",56298108,53.69,1280,720,1280x720,272.363,4.54,1653.6,h264,https://wtl.sz.gov.cn/ztzl_78228/tszl/wlzgj/tj/content/post_8563149.html,https://gdvideo.southcn.com/33cc243d9e8f49259b9dba3bc45eeb11/66e8e99381a045758c1c5d2e25115135-4294eb746b57775f38043dc19dfccf51-sd.mp4,video/08_taiji-health-stick/006_form-1-boatman-rows-the-oar.mp4,
8,太极养生杖,08_taiji-health-stick,7,6第二式 轻舟缓行,Form 2 Light Boat Moves Slowly,SD,"LD,SD",56390272,53.78,1280,720,1280x720,274.944,4.58,1640.8,h264,https://wtl.sz.gov.cn/ztzl_78228/tszl/wlzgj/tj/content/post_8563133.html,https://gdvideo.southcn.com/a181ef287f194d0c9ee0afb93e68266f/5cdf435b7f4b492691089bcb23e98313-5c17efeb10af384a295e2f127c3591b2-sd.mp4,video/08_taiji-health-stick/007_form-2-light-boat-moves-slowly.mp4,
8,太极养生杖,08_taiji-health-stick,8,7第三式 风摆荷叶,Form 3 Wind Sways Lotus Leaves,SD,"LD,SD",72882312,69.51,1280,720,1280x720,356.395,5.94,1636.0,h264,https://wtl.sz.gov.cn/ztzl_78228/tszl/wlzgj/tj/content/post_8563116.html,https://gdvideo.southcn.com/ddeb9a38cbcc4b64b8f0f04e3c968c6e/11107f60c8f9406a9ff61140ad863d0c-553575ceae112101ef065e5f2a54b01f-sd.mp4,video/08_taiji-health-stick/008_form-3-wind-sways-lotus-leaves.mp4,
8,太极养生杖,08_taiji-health-stick,9,8第四式 船夫背纤,Form 4 Boatman Hauls the Towline,SD,"LD,SD",88227529,84.14,1280,720,1280x720,427.904,7.13,1649.5,h264,https://wtl.sz.gov.cn/ztzl_78228/tszl/wlzgj/tj/content/post_8563058.html,https://gdvideo.southcn.com/c31d86c547c949519ab8519a0ae0928b/f389a774614d4e7c85a4669fe1546d2f-b22f99edfb84450e0bbbe451403a0bac-sd.mp4,video/08_taiji-health-stick/009_form-4-boatman-hauls-the-towline.mp4,
8,太极养生杖,08_taiji-health-stick,10,9第五式 神针定海,Form 5 Divine Needle Calms the Sea,LD,LD,51174487,48.8,960,540,960x540,399.765,6.66,1024.1,h264,https://wtl.sz.gov.cn/ztzl_78228/tszl/wlzgj/tj/content/post_8563045.html,https://gdvideo.southcn.com/eceb2b73aaad4b00b11dd4714c0a135d/915ab4c2197e48979e09903f070ca328-a92655654604f0763eacaeb086d1d842-ld.mp4,video/08_taiji-health-stick/010_form-5-divine-needle-calms-the-sea.mp4,
8,太极养生杖,08_taiji-health-stick,11,10第六式 金龙绞尾,Form 6 Golden Dragon Twists Tail,SD,"LD,SD",81238397,77.47,1280,720,1280x720,393.195,6.55,1652.9,h264,https://wtl.sz.gov.cn/ztzl_78228/tszl/wlzgj/tj/content/post_8563034.html,https://gdvideo.southcn.com/dc9b85065f324f7882637d20386c1a76/81a85ab94402483cb3ea9f9908253d17-5b70765194f7e8f8ebcef83647d47ccc-sd.mp4,video/08_taiji-health-stick/011_form-6-golden-dragon-twists-tail.mp4,
8,太极养生杖,08_taiji-health-stick,12,11第七式 探海寻宝,Form 7 Seek Treasure in the Sea,SD,"LD,SD",79688540,76.0,1280,720,1280x720,389.248,6.49,1637.8,h264,https://wtl.sz.gov.cn/ztzl_78228/tszl/wlzgj/tj/content/post_8563019.html,https://gdvideo.southcn.com/8326a909b43846b9a535fce4d617768c/2784976cd7764596a45a3e78b244af11-4bf061f72a4d1be5e8ebf4b920538a3f-sd.mp4,video/08_taiji-health-stick/012_form-7-seek-treasure-in-the-sea.mp4,
8,太极养生杖,08_taiji-health-stick,13,12第八式 气功丹田,Form 8 Qigong Dantian,SD,"LD,SD",36531595,34.84,1280,720,1280x720,182.677,3.04,1599.8,h264,https://wtl.sz.gov.cn/ztzl_78228/tszl/wlzgj/tj/content/post_8563011.html,https://gdvideo.southcn.com/d48fd9e4083b48c3b7946fdaa8ba3ddb/e865e2376cb14a5da4801e7fac283aab-39871016c19f7e988487b5c3eb325a50-sd.mp4,video/08_taiji-health-stick/013_form-8-qigong-dantian.mp4,
8,太极养生杖,08_taiji-health-stick,14,13收势,Closing Posture,SD,"LD,SD",16371669,15.61,1280,720,1280x720,82.005,1.37,1597.1,h264,https://wtl.sz.gov.cn/ztzl_78228/tszl/wlzgj/tj/content/post_8563008.html,https://gdvideo.southcn.com/80f24b48ed6945f0a677f329a82cd939/6c9ea3c3c9304ba9947d4e23b553d931-7f6586f41479b8c9e1b608943168bbc3-sd.mp4,video/08_taiji-health-stick/014_closing-posture.mp4,
9,马王堆导引术,09_mawangdui-daoyin,1,马王堆导引术全套功法演示,Complete Routine Demonstration,SD,"LD,SD",233392094,222.58,1280,720,1280x720,1163.136,19.39,1605.3,h264,https://wtl.sz.gov.cn/ztzl_78228/tszl/wlzgj/mwd/content/post_10668673.html,https://gdvideo.southcn.com/134d8e8f9fa642ccafba27bb08bc39e4/ed559e9f25ec4d9c9daf8eac9c877f1f-b9c60ec8b2f4cb9f28e9c04303afcbee-sd.mp4,video/09_mawangdui-daoyin/001_complete-routine-demonstration.mp4,
9,马王堆导引术,09_mawangdui-daoyin,2,1马王堆导引术 功法源流,Origin and History,SD,"LD,SD",37082704,35.36,1280,720,1280x720,174.64,2.91,1698.7,h264,https://wtl.sz.gov.cn/ztzl_78228/tszl/wlzgj/mwd/content/post_8564187.html,https://gdvideo.southcn.com/079d200581c54499a11bf1b8e9c2b6b0/1e042ebdc4f44b3eba607ce9506df07a-57a5acc6f195253ccc2f466933ac33a4-sd.mp4,video/09_mawangdui-daoyin/002_origin-and-history.mp4,
9,马王堆导引术,09_mawangdui-daoyin,3,2马王堆导引术 功法特点,Characteristics,LD,LD,25482194,24.3,960,540,960x540,204.76,3.41,995.6,h264,https://wtl.sz.gov.cn/ztzl_78228/tszl/wlzgj/mwd/content/post_8564163.html,https://gdvideo.southcn.com/b88c74f67cc24ae2bcf1ded7e27cfad9/84fc776721374c2da6c947bc997e734d-a8488ca70309be546e090b3a2676db8f-ld.mp4,video/09_mawangdui-daoyin/003_characteristics.mp4,
9,马王堆导引术,09_mawangdui-daoyin,4,3马王堆导引术 预备势,Preparatory Posture,SD,"LD,SD",16812968,16.03,1280,720,1280x720,81.56,1.36,1649.1,h264,https://wtl.sz.gov.cn/ztzl_78228/tszl/wlzgj/mwd/content/post_8564152.html,https://gdvideo.southcn.com/154b67a62c724ce297a0542b414a74e2/3054f398f28a4d9881d09995909b25d0-92dfabd7b28796c43dc4b4ee3f11f2a7-sd.mp4,video/09_mawangdui-daoyin/004_preparatory-posture.mp4,
9,马王堆导引术,09_mawangdui-daoyin,5,4马王堆导引术 起势,Opening Posture,LD,LD,27380103,26.11,960,540,960x540,217.429,3.62,1007.4,h264,https://wtl.sz.gov.cn/ztzl_78228/tszl/wlzgj/mwd/content/post_8564150.html,https://gdvideo.southcn.com/5469953721074cc7a223cfd653648c69/359e512a629d4189852d7eded96aee39-b14ad6001e0d1484ff752416ca7160b4-ld.mp4,video/09_mawangdui-daoyin/005_opening-posture.mp4,
9,马王堆导引术,09_mawangdui-daoyin,6,5马王堆导引术 第一式 挽弓,Form 1 Draw the Bow,SD,"LD,SD",56955168,54.32,1280,720,1280x720,273.493,4.56,1666.0,h264,https://wtl.sz.gov.cn/ztzl_78228/tszl/wlzgj/mwd/content/post_8564138.html,https://gdvideo.southcn.com/3a4628e7c0cc43afa9c49ff91a3e2bd7/af1838a5232b45b980cadfab6ae617f4-cedfe558f96993ae5108fe418b08be60-sd.mp4,video/09_mawangdui-daoyin/006_form-1-draw-the-bow.mp4,
9,马王堆导引术,09_mawangdui-daoyin,7,6马王堆导引术 第二式 引背,Form 2 Stretch the Back,SD,"LD,SD",61069537,58.24,1280,720,1280x720,302.379,5.04,1615.7,h264,https://wtl.sz.gov.cn/ztzl_78228/tszl/wlzgj/mwd/content/post_8564137.html,https://gdvideo.southcn.com/b4a7b3e90ea24b329e716e15a8714f43/07f800b37ed04af49a0cba9a731c5c5e-045a0f56e4a9c168c902e91e23842038-sd.mp4,video/09_mawangdui-daoyin/007_form-2-stretch-the-back.mp4,
9,马王堆导引术,09_mawangdui-daoyin,8,7马王堆导引术 第三式 凫浴,Form 3 Wild Duck Bathes,SD,"LD,SD",52242462,49.82,1280,720,1280x720,256.256,4.27,1630.9,h264,https://wtl.sz.gov.cn/ztzl_78228/tszl/wlzgj/mwd/content/post_8564119.html,https://gdvideo.southcn.com/e973a196d63240938503b048a7219a4a/cf40850cd1984c428875f4271be3cc11-8e0de1d6a020353bdc952c0002224995-sd.mp4,video/09_mawangdui-daoyin/008_form-3-wild-duck-bathes.mp4,
9,马王堆导引术,09_mawangdui-daoyin,9,8马王堆导引术 第四式 龙登,Form 4 Dragon Rises,SD,"LD,SD",50843498,48.49,1280,720,1280x720,250.688,4.18,1622.5,h264,https://wtl.sz.gov.cn/ztzl_78228/tszl/wlzgj/mwd/content/post_8564116.html,https://gdvideo.southcn.com/62034d6e47e04454b054daae5e5a9a6a/ac7b2e7779a948fc93a8bf3ac9c4dc85-c90523556e22067371caa887b2dc6abc-sd.mp4,video/09_mawangdui-daoyin/009_form-4-dragon-rises.mp4,
9,马王堆导引术,09_mawangdui-daoyin,10,9马王堆导引术 第五式 鸟伸,Form 5 Bird Stretches,SD,"LD,SD",36323518,34.64,1280,720,1280x720,177.451,2.96,1637.6,h264,https://wtl.sz.gov.cn/ztzl_78228/tszl/wlzgj/mwd/content/post_8564052.html,https://gdvideo.southcn.com/1e0fd1dda9d7405999ba661fdd792a61/c052488faee54461a9eb6b46bb8aac03-8e6649fd3742b58bd577e9bb4e93c2ad-sd.mp4,video/09_mawangdui-daoyin/010_form-5-bird-stretches.mp4,
9,马王堆导引术,09_mawangdui-daoyin,11,10马王堆导引术 第六式 引腹,Form 6 Stretch the Abdomen,LD,LD,34535477,32.94,960,540,960x540,273.8,4.56,1009.1,h264,https://wtl.sz.gov.cn/ztzl_78228/tszl/wlzgj/mwd/content/post_8564050.html,https://gdvideo.southcn.com/4836732210d7406a82d8b97ad0660e47/69ede39bea3041a3ad54839e92c4ad4b-2dade3cbd1b9cf968b5e8074e1f097b8-ld.mp4,video/09_mawangdui-daoyin/011_form-6-stretch-the-abdomen.mp4,
9,马王堆导引术,09_mawangdui-daoyin,12,11马王堆导引术 第七式 鸱视,Form 7 Owl Gazes,SD,"LD,SD",45388082,43.29,1280,720,1280x720,222.36,3.71,1633.0,h264,https://wtl.sz.gov.cn/ztzl_78228/tszl/wlzgj/mwd/content/post_8564049.html,https://gdvideo.southcn.com/e25ee34b33cc48b29e0edea70dd0898e/78bbedd749d74130a719535b4aba4559-63a31bf2272497723908afdca3595d30-sd.mp4,video/09_mawangdui-daoyin/012_form-7-owl-gazes.mp4,
9,马王堆导引术,09_mawangdui-daoyin,13,12马王堆导引术 第八式 引腰,Form 8 Stretch the Waist,LD,LD,47101526,44.92,960,540,960x540,375.04,6.25,1004.7,h264,https://wtl.sz.gov.cn/ztzl_78228/tszl/wlzgj/mwd/content/post_8564047.html,https://gdvideo.southcn.com/cfd3630b3e9f48a58379dff1c7e79860/533a54aad9b74a39b6c274200fbe9e79-872526fdc0b3f088b909964981101d9a-ld.mp4,video/09_mawangdui-daoyin/013_form-8-stretch-the-waist.mp4,
9,马王堆导引术,09_mawangdui-daoyin,14,13马王堆导引术 第九式 雁飞,Form 9 Wild Goose Flies,SD,"LD,SD",55669043,53.09,1280,720,1280x720,275.435,4.59,1616.9,h264,https://wtl.sz.gov.cn/ztzl_78228/tszl/wlzgj/mwd/content/post_8564046.html,https://gdvideo.southcn.com/e6c1c4f4216f4b67a713e22d0114c697/c607e5ffd714430fa14e686e7f04eae7-f66c2a93978d3cdf389235f857852873-sd.mp4,video/09_mawangdui-daoyin/014_form-9-wild-goose-flies.mp4,
9,马王堆导引术,09_mawangdui-daoyin,15,14马王堆导引术 第十式 鹤舞,Form 10 Crane Dances,SD,"LD,SD",55625493,53.05,1280,720,1280x720,266.88,4.45,1667.4,h264,https://wtl.sz.gov.cn/ztzl_78228/tszl/wlzgj/mwd/content/post_8564045.html,https://gdvideo.southcn.com/ba25d5deaec7458d99216c8bd7f3c4cc/88ab572e666f4da287ece95e110cbb2e-7601bca5a253dfb2d8be869b33f14dae-sd.mp4,video/09_mawangdui-daoyin/015_form-10-crane-dances.mp4,
9,马王堆导引术,09_mawangdui-daoyin,16,15马王堆导引术 第十一式 仰呼,Form 11 Look Up and Call,LD,LD,23534341,22.44,960,540,960x540,188.181,3.14,1000.5,h264,https://wtl.sz.gov.cn/ztzl_78228/tszl/wlzgj/mwd/content/post_8564039.html,https://gdvideo.southcn.com/9b51cc428677424e9f58c6a5c5f0ae69/ca3d3819203a4679beca913cf286b694-aa18f7e9e4a2a370da62eb80c6ea1089-ld.mp4,video/09_mawangdui-daoyin/016_form-11-look-up-and-call.mp4,
9,马王堆导引术,09_mawangdui-daoyin,17,16马王堆导引术 第十二式 折阴,Form 12 Fold Yin,SD,"LD,SD",55230900,52.67,1280,720,1280x720,269.973,4.5,1636.6,h264,https://wtl.sz.gov.cn/ztzl_78228/tszl/wlzgj/mwd/content/post_8564030.html,https://gdvideo.southcn.com/7fbd3d952e394554b7654830e40ae619/31136d2934b6427682a2348bff98dbe2-b4797c872e3fd5a81e405d153c7371ad-sd.mp4,video/09_mawangdui-daoyin/017_form-12-fold-yin.mp4,
9,马王堆导引术,09_mawangdui-daoyin,18,17马王堆导引术 收势,Closing Posture,LD,LD,27416805,26.15,960,540,960x540,217.92,3.63,1006.5,h264,https://wtl.sz.gov.cn/ztzl_78228/tszl/wlzgj/mwd/content/post_8564028.html,https://gdvideo.southcn.com/cabadd0108784667aacf22afad3aa8b9/44db672d6e5c4e52bd4b66ab3aa3d22d-381a8c21a0c1b5ccfccd3065daf03dbb-ld.mp4,video/09_mawangdui-daoyin/018_closing-posture.mp4,
10,易筋经（沈体版）,10_yijinjing-shenti-edition,1,1预备势  第一、二、三式  韦驮献杵第一、二、三势,Preparatory Posture and Forms 1 3 Weituo Presents the Pestle,LD,LD,56146031,53.55,960,540,960x540,455.2,7.59,986.7,h264,https://wtl.sz.gov.cn/ztzl_78228/tszl/wlzgj/yjj/content/post_10668766.html,https://gdvideo.southcn.com/969f5b3bd2564e7d82d09c2a14f733f7/f32daaedd2204b9ba0a670e6b6baaefe-d4b4293f292829bc73626b902ef42eeb-ld.mp4,video/10_yijinjing-shenti-edition/001_preparatory-posture-and-forms-1-3-weituo-presents-the-pestle.mp4,
10,易筋经（沈体版）,10_yijinjing-shenti-edition,2,2第四式  摘星换斗势,Form 4 Pluck Star and Change Constellation,SD,"LD,SD",52567941,50.13,1280,720,1280x720,260.52,4.34,1614.2,h264,https://wtl.sz.gov.cn/ztzl_78228/tszl/wlzgj/yjj/content/post_8563371.html,https://gdvideo.southcn.com/60288f70933c46bcabf88a34e3aae9d3/89db743f4b274df98ced296bfbbe99f1-e74fd5705dcc63f92599093cc5cf7ff1-sd.mp4,video/10_yijinjing-shenti-edition/002_form-4-pluck-star-and-change-constellation.mp4,
10,易筋经（沈体版）,10_yijinjing-shenti-edition,3,3第五式  倒拽九牛尾势,Form 5 Pull Nine Cows By the Tail,SD,"LD,SD",61885902,59.02,1280,720,1280x720,306.8,5.11,1613.7,h264,https://wtl.sz.gov.cn/ztzl_78228/tszl/wlzgj/yjj/content/post_8563310.html,https://gdvideo.southcn.com/c1f26ccba53c481e90175e17ef319324/e0a2eb0f8a71440fb501d7eb81cc160b-b0e5bcd9f131b940487c7db1830f8730-sd.mp4,video/10_yijinjing-shenti-edition/003_form-5-pull-nine-cows-by-the-tail.mp4,
10,易筋经（沈体版）,10_yijinjing-shenti-edition,4,4第六式  出爪亮翅势,Form 6 Extend Claws and Spread Wings,SD,"LD,SD",48611491,46.36,1280,720,1280x720,241.04,4.02,1613.4,h264,https://wtl.sz.gov.cn/ztzl_78228/tszl/wlzgj/yjj/content/post_8563297.html,https://gdvideo.southcn.com/7147800072954ece991a01d9aa2b9118/2e9bfa2ea234477a9ce5e4de36c004c7-705e99de659f05c4d731b3f5d2b4358b-sd.mp4,video/10_yijinjing-shenti-edition/004_form-6-extend-claws-and-spread-wings.mp4,
10,易筋经（沈体版）,10_yijinjing-shenti-edition,5,5第七式  九鬼拔马刀势,Form 7 Nine Ghosts Draw Sabers,LD,LD,42648023,40.67,960,540,960x540,346.56,5.78,984.5,h264,https://wtl.sz.gov.cn/ztzl_78228/tszl/wlzgj/yjj/content/post_8563287.html,https://gdvideo.southcn.com/993133f3850f45c18de5901431f4e059/61a04b0de10e4750a69e9ca419b75e17-05aa8a1c36af5f380a81a60be9f33af8-ld.mp4,video/10_yijinjing-shenti-edition/005_form-7-nine-ghosts-draw-sabers.mp4,
10,易筋经（沈体版）,10_yijinjing-shenti-edition,6,6第八式  三盘落地势,Form 8 Three Plates Fall to the Ground,SD,"LD,SD",50673526,48.33,1280,720,1280x720,250.36,4.17,1619.2,h264,https://wtl.sz.gov.cn/ztzl_78228/tszl/wlzgj/yjj/content/post_8563278.html,https://gdvideo.southcn.com/d6e5e1e31c4d46aa943a119f8e514cdf/733d29ffab414850be74d4794b5735a8-3e2c866cacc7116b5ce8bd283e6fa930-sd.mp4,video/10_yijinjing-shenti-edition/006_form-8-three-plates-fall-to-the-ground.mp4,
10,易筋经（沈体版）,10_yijinjing-shenti-edition,7,7第九式  青龙探爪势,Form 9 Green Dragon Extends Claw,SD,"LD,SD",68430986,65.26,1280,720,1280x720,339.52,5.66,1612.4,h264,https://wtl.sz.gov.cn/ztzl_78228/tszl/wlzgj/yjj/content/post_8563260.html,https://gdvideo.southcn.com/a387839649d647a0a095749cc23d4199/e459545fd1da4962939c3d36e161bde1-f347aaaf8d4188f81867a1842a0ff8c2-sd.mp4,video/10_yijinjing-shenti-edition/007_form-9-green-dragon-extends-claw.mp4,
10,易筋经（沈体版）,10_yijinjing-shenti-edition,8,8第十式  卧虎扑食势,Form 10 Crouching Tiger Pounces on Prey,SD,"LD,SD",73426020,70.02,1280,720,1280x720,366.12,6.1,1604.4,h264,https://wtl.sz.gov.cn/ztzl_78228/tszl/wlzgj/yjj/content/post_8563249.html,https://gdvideo.southcn.com/e1b27f1e75de44cc954e4559d5a2c91c/b36b9932d4a34bf4bd099027b215a89c-f2aa0c163086c29cefd42efccd649e1c-sd.mp4,video/10_yijinjing-shenti-edition/008_form-10-crouching-tiger-pounces-on-prey.mp4,
10,易筋经（沈体版）,10_yijinjing-shenti-edition,9,9第十一式  打躬势,Form 11 Bowing Posture,SD,"LD,SD",53394132,50.92,1280,720,1280x720,264.6,4.41,1614.3,h264,https://wtl.sz.gov.cn/ztzl_78228/tszl/wlzgj/yjj/content/post_8563245.html,https://gdvideo.southcn.com/019970571bde4e499ca7314f430abe21/b8d807e5be0c4ffd8c0ccad7f745d5de-a0c0dad3d0cba89b1cd043fbb4e3840e-sd.mp4,video/10_yijinjing-shenti-edition/009_form-11-bowing-posture.mp4,
10,易筋经（沈体版）,10_yijinjing-shenti-edition,10,10第十二式  掉尾势  收势,Form 12 Drop Tail and Closing Posture,LD,LD,40259470,38.39,960,540,960x540,326.32,5.44,987.0,h264,https://wtl.sz.gov.cn/ztzl_78228/tszl/wlzgj/yjj/content/post_8563225.html,https://gdvideo.southcn.com/86e16564920345b295b7fb733e35fc0b/55fb21a7331949bf8cd0a31b83bcc4d9-5f522e8ea2c4e3a813a83556bddfc1ca-ld.mp4,video/10_yijinjing-shenti-edition/010_form-12-drop-tail-and-closing-posture.mp4,
11,导引养生功十二法,11_daoyin-yangsheng-gong-twelve-methods,1,导引养生功十二法整套功法演示,Complete Routine Demonstration,SD,"LD,SD",180261129,171.91,1280,720,1280x720,891.584,14.86,1617.4,h264,https://wtl.sz.gov.cn/ztzl_78228/tszl/wlzgj/ysg/content/post_10668682.html,https://gdvideo.southcn.com/5e2ae9ed0fd4482f9f5bfe18c7f5f647/45ad74193f734a8db6aba950c0cbada5-abd02adf8e45fde1550b254d8e2f9665-sd.mp4,video/11_daoyin-yangsheng-gong-twelve-methods/001_complete-routine-demonstration.mp4,
11,导引养生功十二法,11_daoyin-yangsheng-gong-twelve-methods,2,1导引养生功十二法 功法源流,Origin and History,SD,"LD,SD",52040379,49.63,1280,720,1280x720,245.84,4.1,1693.5,h264,https://wtl.sz.gov.cn/ztzl_78228/tszl/wlzgj/ysg/content/post_8559599.html,https://gdvideo.southcn.com/4f49c42c19c74384a8778354cb1f04a3/1e4ad79151c140519b357aa1f66155f4-5c139c96db0e9a81fbf1b81137915ea4-sd.mp4,video/11_daoyin-yangsheng-gong-twelve-methods/002_origin-and-history.mp4,
11,导引养生功十二法,11_daoyin-yangsheng-gong-twelve-methods,3,2导引养生功十二法 功法特点,Characteristics,SD,"LD,SD",108201447,103.19,1280,720,1280x720,535.28,8.92,1617.1,h264,https://wtl.sz.gov.cn/ztzl_78228/tszl/wlzgj/ysg/content/post_8559595.html,https://gdvideo.southcn.com/36fcceeb1d4a47eba586d48e0ba64b39/1124a1a2f4624ccaad24f84a7102bea7-34af3fb5637447c70929e55340ea768f-sd.mp4,video/11_daoyin-yangsheng-gong-twelve-methods/003_characteristics.mp4,
11,导引养生功十二法,11_daoyin-yangsheng-gong-twelve-methods,4,3导引养生功十二法 预备势,Preparatory Posture,SD,"LD,SD",29695517,28.32,1280,720,1280x720,144.8,2.41,1640.6,h264,https://wtl.sz.gov.cn/ztzl_78228/tszl/wlzgj/ysg/content/post_8559593.html,https://gdvideo.southcn.com/84d48ecbd34a4130917a85c19596bb69/0d2575117cd943ba89c63df8cddc8b97-ea3e33cae9416eb8cabe8a8df01d26f8-sd.mp4,video/11_daoyin-yangsheng-gong-twelve-methods/004_preparatory-posture.mp4,
11,导引养生功十二法,11_daoyin-yangsheng-gong-twelve-methods,5,4导引养生功十二法 第一式 乾元启运,Form 1 Heavenly Origin Starts the Cycle,SD,"LD,SD",43705364,41.68,1280,720,1280x720,214.48,3.57,1630.2,h264,https://wtl.sz.gov.cn/ztzl_78228/tszl/wlzgj/ysg/content/post_8559585.html,https://gdvideo.southcn.com/7664309c25ac43868ed3aaa7a183a7bb/bf96d991943f4b6aaeab5c9f35d251e6-2b7943694d01b073e89fc17a4a225976-sd.mp4,video/11_daoyin-yangsheng-gong-twelve-methods/005_form-1-heavenly-origin-starts-the-cycle.mp4,
11,导引养生功十二法,11_daoyin-yangsheng-gong-twelve-methods,6,5导引养生功十二法 第二式 双鱼悬阁,Form 2 Paired Fish Hang in the Pavilion,LD,LD,38082495,36.32,960,540,960x540,301.803,5.03,1009.5,h264,https://wtl.sz.gov.cn/ztzl_78228/tszl/wlzgj/ysg/content/post_8559578.html,https://gdvideo.southcn.com/2082dba817f34c17b7cc34e9830a1454/b6caaa02924a4bba9adb0395682254a3-e6c92a6a2b084e6da68827fd73663714-ld.mp4,video/11_daoyin-yangsheng-gong-twelve-methods/006_form-2-paired-fish-hang-in-the-pavilion.mp4,
11,导引养生功十二法,11_daoyin-yangsheng-gong-twelve-methods,7,6导引养生功十二法 第三式 老骥伏枥,Form 3 Old Steed in the Stable,SD,"LD,SD",69728245,66.5,1280,720,1280x720,343.147,5.72,1625.6,h264,https://wtl.sz.gov.cn/ztzl_78228/tszl/wlzgj/ysg/content/post_8559576.html,https://gdvideo.southcn.com/44896deecf82450eadf47ee548fc1b5e/e758b63d79e74c739b971fa62204731b-1ba3614e03364f428da8084fccccab6a-sd.mp4,video/11_daoyin-yangsheng-gong-twelve-methods/007_form-3-old-steed-in-the-stable.mp4,
11,导引养生功十二法,11_daoyin-yangsheng-gong-twelve-methods,8,7导引养生功十二法 第四式 纪昌贯虱,Form 4 Jichang Pierces the Louse,SD,"LD,SD",54869183,52.33,1280,720,1280x720,266.88,4.45,1644.8,h264,https://wtl.sz.gov.cn/ztzl_78228/tszl/wlzgj/ysg/content/post_8559568.html,https://gdvideo.southcn.com/39d6e71c41f843b9880d29b72fb8135e/effaf59642404ce1824f71464d693b4f-090a449321104e7205077c0d720288af-sd.mp4,video/11_daoyin-yangsheng-gong-twelve-methods/008_form-4-jichang-pierces-the-louse.mp4,
11,导引养生功十二法,11_daoyin-yangsheng-gong-twelve-methods,9,8导引养生功十二法 第五式 躬身掸靴,Form 5 Bend Down and Dust Boots,SD,"LD,SD",70206509,66.95,1280,720,1280x720,342.699,5.71,1638.9,h264,https://wtl.sz.gov.cn/ztzl_78228/tszl/wlzgj/ysg/content/post_8559567.html,https://gdvideo.southcn.com/274a772bcb0343c59f419bc596b77fab/93f1806285d34292bb34d137876b3849-33a07b945fd3e38146ac1d53634dae71-sd.mp4,video/11_daoyin-yangsheng-gong-twelve-methods/009_form-5-bend-down-and-dust-boots.mp4,
11,导引养生功十二法,11_daoyin-yangsheng-gong-twelve-methods,10,9导引养生功十二法 第六式 犀牛望月,Form 6 Rhinoceros Gazes At the Moon,LD,LD,33438644,31.89,960,540,960x540,268.352,4.47,996.9,h264,https://wtl.sz.gov.cn/ztzl_78228/tszl/wlzgj/ysg/content/post_8559565.html,https://gdvideo.southcn.com/8e86a451874446f596d75e73fc3bd4ec/a479061bb475433bb66913da71bd916b-ddacc6b6aaf7ab238ee841c0a70e215b-ld.mp4,video/11_daoyin-yangsheng-gong-twelve-methods/010_form-6-rhinoceros-gazes-at-the-moon.mp4,
11,导引养生功十二法,11_daoyin-yangsheng-gong-twelve-methods,11,10导引养生功十二法 第七式 芙蓉出水,Form 7 Lotus Emerges From Water,SD,"LD,SD",55225153,52.67,1280,720,1280x720,266.837,4.45,1655.7,h264,https://wtl.sz.gov.cn/ztzl_78228/tszl/wlzgj/ysg/content/post_8559560.html,https://gdvideo.southcn.com/4810bd6d138f4a51bf79e807f64fce9d/776cad290eb948edb625754f3b75730f-2624ba80308fba839fd33b8baed35064-sd.mp4,video/11_daoyin-yangsheng-gong-twelve-methods/011_form-7-lotus-emerges-from-water.mp4,
11,导引养生功十二法,11_daoyin-yangsheng-gong-twelve-methods,12,11导引养生功十二法 第八式 金鸡报晓,Form 8 Golden Rooster Announces Dawn,SD,"LD,SD",43272976,41.27,1280,720,1280x720,211.349,3.52,1638.0,h264,https://wtl.sz.gov.cn/ztzl_78228/tszl/wlzgj/ysg/content/post_8559554.html,https://gdvideo.southcn.com/01e0ef468d6d4f4b8209bb0d1be7a12f/3b539a51632f466daef1b6dd0f82722d-bfe148105df6daef643646c4f8695409-sd.mp4,video/11_daoyin-yangsheng-gong-twelve-methods/012_form-8-golden-rooster-announces-dawn.mp4,
11,导引养生功十二法,11_daoyin-yangsheng-gong-twelve-methods,13,12导引养生功十二法 第九式 平沙落雁,Form 9 Wild Goose Lands on Sand,SD,"LD,SD",59719365,56.95,1280,720,1280x720,294.016,4.9,1624.9,h264,https://wtl.sz.gov.cn/ztzl_78228/tszl/wlzgj/ysg/content/post_8559549.html,https://gdvideo.southcn.com/c8f217afde0f48faadc72473d9f4d6b7/c2695a0b92924afe8d166dbe21735210-48f15376c3b926f8679691a717ff6613-sd.mp4,video/11_daoyin-yangsheng-gong-twelve-methods/013_form-9-wild-goose-lands-on-sand.mp4,
11,导引养生功十二法,11_daoyin-yangsheng-gong-twelve-methods,14,13导引养生功十二法 第十式 云端白鹤,Form 10 White Crane in the Clouds,SD,"LD,SD",41158662,39.25,1280,720,1280x720,203.989,3.4,1614.2,h264,https://wtl.sz.gov.cn/ztzl_78228/tszl/wlzgj/ysg/content/post_8559546.html,https://gdvideo.southcn.com/9a8b4fc1959a4a9b932bcd4f503f2e1e/8ea25b8354804d4baf4213c6dd33b982-bdf9901479ee620906524b08efa7d30b-sd.mp4,video/11_daoyin-yangsheng-gong-twelve-methods/014_form-10-white-crane-in-the-clouds.mp4,
11,导引养生功十二法,11_daoyin-yangsheng-gong-twelve-methods,15,14导引养生功十二法 第十一式 凤凰来仪,Form 11 Phoenix Arrives With Grace,LD,LD,29081438,27.73,960,540,960x540,234.624,3.91,991.6,h264,https://wtl.sz.gov.cn/ztzl_78228/tszl/wlzgj/ysg/content/post_8559545.html,https://gdvideo.southcn.com/d78624bcf51a4d3b82b57ff04b377324/b3210c7750574ffda3e9551a1e60c4b4-518bd86d248e3ae7513d85b592d001af-ld.mp4,video/11_daoyin-yangsheng-gong-twelve-methods/015_form-11-phoenix-arrives-with-grace.mp4,
11,导引养生功十二法,11_daoyin-yangsheng-gong-twelve-methods,16,15导引养生功十二法 第十二式 气息归元,Form 12 Breath Returns to Origin,SD,"LD,SD",32815550,31.3,1280,720,1280x720,162.837,2.71,1612.2,h264,https://wtl.sz.gov.cn/ztzl_78228/tszl/wlzgj/ysg/content/post_8559540.html,https://gdvideo.southcn.com/1d9df4f940ba433c9a9bc8f50f63fdf7/ac87222e5da54af0ba75357528c660b5-53e2b36671a5cd04b7ee1b6c752f6d07-sd.mp4,video/11_daoyin-yangsheng-gong-twelve-methods/016_form-12-breath-returns-to-origin.mp4,
11,导引养生功十二法,11_daoyin-yangsheng-gong-twelve-methods,17,16导引养生功十二法 收势,Closing Posture,SD,"LD,SD",36492608,34.8,1280,720,1280x720,182.229,3.04,1602.1,h264,https://wtl.sz.gov.cn/ztzl_78228/tszl/wlzgj/ysg/content/post_8559536.html,https://gdvideo.southcn.com/4b45e97bbedc480cb2fea5842c4d8c15/2bc50dc13ae848c09c3e7792dcd90e07-0ae56320e27973faab9b41dd634ef7d0-sd.mp4,video/11_daoyin-yangsheng-gong-twelve-methods/017_closing-posture.mp4,
